code,name,strategy,总收益率,年化收益率,最大回撤,胜率,夏普比率,基准收益率,超额收益率
601398,工商银行,ma_cross,21.22,9.99,-7.78,53.85,0.67,37.86,-16.64
601939,建设银行,ma_cross,15.48,7.38,-7.89,46.67,0.45,37.86,-22.38
601288,农业银行,ma_cross,31.56,14.55,-16.07,50.0,0.87,37.86,-6.29
601988,中国银行,ma_cross,18.81,8.91,-10.76,52.94,0.56,37.86,-19.05
组合,等权组合,ma_cross,21.77,10.24,-6.83,50.82,0.71,37.86,-16.09
601398,工商银行,momentum,8.86,4.29,-13.43,38.46,0.25,37.86,-28.99
601939,建设银行,momentum,-0.77,-0.38,-11.72,43.48,-0.13,37.86,-38.63
601288,农业银行,momentum,8.52,4.13,-20.26,34.48,0.22,37.86,-29.34
601988,中国银行,momentum,-5.22,-2.62,-13.03,30.0,-0.3,37.86,-43.08
组合,等权组合,momentum,2.85,1.4,-10.29,36.11,-0.0,37.86,-35.01
601398,工商银行,bollinger,0.09,0.04,-9.22,85.71,-0.33,37.86,-37.77
601939,建设银行,bollinger,1.57,0.77,-3.36,50.0,-0.24,37.86,-36.29
601288,农业银行,bollinger,3.81,1.87,-11.0,71.43,0.02,37.86,-34.05
601988,中国银行,bollinger,8.16,3.96,-4.13,83.33,0.48,37.86,-29.7
组合,等权组合,bollinger,3.4,1.67,-5.83,75.0,-0.07,37.86,-34.45
组合,多因子样本外组合,factor_rank,7.43,7.33,-7.05,62.5,0.67,3.39,4.03
