code,name,direction,published_at,effective_after_close,source
600111,北方稀土,out,2024-05-31,2024-06-14,https://www.sse.com.cn/market/sseindex/diclosure/c/10758201/files/3bd2e277f9c64485a138f94f7829268d.pdf
600893,航发动力,out,2024-05-31,2024-06-14,https://www.sse.com.cn/market/sseindex/diclosure/c/10758201/files/3bd2e277f9c64485a138f94f7829268d.pdf
600905,三峡能源,out,2024-05-31,2024-06-14,https://www.sse.com.cn/market/sseindex/diclosure/c/10758201/files/3bd2e277f9c64485a138f94f7829268d.pdf
603799,华友钴业,out,2024-05-31,2024-06-14,https://www.sse.com.cn/market/sseindex/diclosure/c/10758201/files/3bd2e277f9c64485a138f94f7829268d.pdf
688599,天合光能,out,2024-05-31,2024-06-14,https://www.sse.com.cn/market/sseindex/diclosure/c/10758201/files/3bd2e277f9c64485a138f94f7829268d.pdf
600941,中国移动,in,2024-05-31,2024-06-14,https://www.sse.com.cn/market/sseindex/diclosure/c/10758201/files/3bd2e277f9c64485a138f94f7829268d.pdf
601328,交通银行,in,2024-05-31,2024-06-14,https://www.sse.com.cn/market/sseindex/diclosure/c/10758201/files/3bd2e277f9c64485a138f94f7829268d.pdf
601658,邮储银行,in,2024-05-31,2024-06-14,https://www.sse.com.cn/market/sseindex/diclosure/c/10758201/files/3bd2e277f9c64485a138f94f7829268d.pdf
601985,中国核电,in,2024-05-31,2024-06-14,https://www.sse.com.cn/market/sseindex/diclosure/c/10758201/files/3bd2e277f9c64485a138f94f7829268d.pdf
688012,中微公司,in,2024-05-31,2024-06-14,https://www.sse.com.cn/market/sseindex/diclosure/c/10758201/files/3bd2e277f9c64485a138f94f7829268d.pdf
600089,特变电工,out,2024-11-29,2024-12-13,https://www.sse.com.cn/market/sseindex/diclosure/c/10765176/files/0bc6de67d008453bab50fe5fc3180a03.pdf
600104,上汽集团,out,2024-11-29,2024-12-13,https://www.sse.com.cn/market/sseindex/diclosure/c/10765176/files/0bc6de67d008453bab50fe5fc3180a03.pdf
600436,片仔癀,out,2024-11-29,2024-12-13,https://www.sse.com.cn/market/sseindex/diclosure/c/10765176/files/0bc6de67d008453bab50fe5fc3180a03.pdf
601669,中国电建,out,2024-11-29,2024-12-13,https://www.sse.com.cn/market/sseindex/diclosure/c/10765176/files/0bc6de67d008453bab50fe5fc3180a03.pdf
603986,兆易创新,out,2024-11-29,2024-12-13,https://www.sse.com.cn/market/sseindex/diclosure/c/10765176/files/0bc6de67d008453bab50fe5fc3180a03.pdf
601127,赛力斯,in,2024-11-29,2024-12-13,https://www.sse.com.cn/market/sseindex/diclosure/c/10765176/files/0bc6de67d008453bab50fe5fc3180a03.pdf
601766,中国中车,in,2024-11-29,2024-12-13,https://www.sse.com.cn/market/sseindex/diclosure/c/10765176/files/0bc6de67d008453bab50fe5fc3180a03.pdf
601816,京沪高铁,in,2024-11-29,2024-12-13,https://www.sse.com.cn/market/sseindex/diclosure/c/10765176/files/0bc6de67d008453bab50fe5fc3180a03.pdf
603993,洛阳钼业,in,2024-11-29,2024-12-13,https://www.sse.com.cn/market/sseindex/diclosure/c/10765176/files/0bc6de67d008453bab50fe5fc3180a03.pdf
688256,寒武纪,in,2024-11-29,2024-12-13,https://www.sse.com.cn/market/sseindex/diclosure/c/10765176/files/0bc6de67d008453bab50fe5fc3180a03.pdf
600438,通威股份,out,2025-05-30,2025-06-13,https://www.sse.com.cn/market/sseindex/diclosure/c/10780448/files/5db004c3972942c0ba5f62e9d9ff1a0d.pdf
601390,中国中铁,out,2025-05-30,2025-06-13,https://www.sse.com.cn/market/sseindex/diclosure/c/10780448/files/5db004c3972942c0ba5f62e9d9ff1a0d.pdf
601633,长城汽车,out,2025-05-30,2025-06-13,https://www.sse.com.cn/market/sseindex/diclosure/c/10780448/files/5db004c3972942c0ba5f62e9d9ff1a0d.pdf
603288,海天味业,out,2025-05-30,2025-06-13,https://www.sse.com.cn/market/sseindex/diclosure/c/10780448/files/5db004c3972942c0ba5f62e9d9ff1a0d.pdf
600760,中航沈飞,in,2025-05-30,2025-06-13,https://www.sse.com.cn/market/sseindex/diclosure/c/10780448/files/5db004c3972942c0ba5f62e9d9ff1a0d.pdf
601211,国泰海通,in,2025-05-30,2025-06-13,https://www.sse.com.cn/market/sseindex/diclosure/c/10780448/files/5db004c3972942c0ba5f62e9d9ff1a0d.pdf
601600,中国铝业,in,2025-05-30,2025-06-13,https://www.sse.com.cn/market/sseindex/diclosure/c/10780448/files/5db004c3972942c0ba5f62e9d9ff1a0d.pdf
688008,澜起科技,in,2025-05-30,2025-06-13,https://www.sse.com.cn/market/sseindex/diclosure/c/10780448/files/5db004c3972942c0ba5f62e9d9ff1a0d.pdf
600048,保利发展,out,2025-11-28,2025-12-12,https://www.sse.com.cn/market/sseindex/diclosure/c/10800153/files/50856268f22c40798b1374231ea3fe07.pdf
600941,中国移动,out,2025-11-28,2025-12-12,https://www.sse.com.cn/market/sseindex/diclosure/c/10800153/files/50856268f22c40798b1374231ea3fe07.pdf
601600,中国铝业,out,2025-11-28,2025-12-12,https://www.sse.com.cn/market/sseindex/diclosure/c/10800153/files/50856268f22c40798b1374231ea3fe07.pdf
601766,中国中车,out,2025-11-28,2025-12-12,https://www.sse.com.cn/market/sseindex/diclosure/c/10800153/files/50856268f22c40798b1374231ea3fe07.pdf
600104,上汽集团,in,2025-11-28,2025-12-12,https://www.sse.com.cn/market/sseindex/diclosure/c/10800153/files/50856268f22c40798b1374231ea3fe07.pdf
600111,北方稀土,in,2025-11-28,2025-12-12,https://www.sse.com.cn/market/sseindex/diclosure/c/10800153/files/50856268f22c40798b1374231ea3fe07.pdf
600930,华电新能,in,2025-11-28,2025-12-12,https://www.sse.com.cn/market/sseindex/diclosure/c/10800153/files/50856268f22c40798b1374231ea3fe07.pdf
603019,中科曙光,in,2025-11-28,2025-12-12,https://www.sse.com.cn/market/sseindex/diclosure/c/10800153/files/50856268f22c40798b1374231ea3fe07.pdf
